{"A": {"train_losses": [4.051231640488354, 3.379222120303335, 3.1338687298902825, 2.976115798645182, 2.8579571211515966, 2.764849804357679, 2.6850171071379934, 2.6143272853355164, 2.5510077654425776, 2.4932742301843316, 2.438266986722885, 2.388915629020886, 2.3431116791168, 2.2963389130289364, 2.2540351071083213, 2.2148095204123557, 2.1739778912652024, 2.1375622680700666, 2.101205735445531, 2.067080143036873], "val_losses": [3.4842006947584214, 3.202018875984629, 3.0524794584626607, 2.9611518200795364, 2.8957171986816794, 2.853215278333919, 2.810448814349569, 2.8011118226749883, 2.777638821844842, 2.762902906745862, 2.7640140846276737, 2.7505836775348445, 2.7448357685356384, 2.7498894603389084, 2.7614669769432894, 2.757558872745295, 2.7580532040565635, 2.762886482439223, 2.766822858221212, 2.7805282188828584], "best_val_loss": 2.7448357685356384, "save_path": "A_best.pt", "bleu1": 0.5926275992438563, "bleu2": 0.4066925510249568, "bleu3": 0.2723339192070183, "bleu4": 0.18266700515689685}}