{"C23": {"train_losses": [4.014665730980668, 3.3181488140305477, 3.0578941543981717, 2.888427625841169, 2.75757785646646, 2.651675679282085, 2.5557964760611562, 2.4688785022764064, 2.389634644553097, 2.315243770954197, 2.243343630960501, 2.1755863809382228, 2.1124128265929882, 2.0489751849093163, 1.9904014403377768, 1.935119257298614, 1.8827988577804078, 1.8311496394783704, 1.782507167314924, 1.7365087629127096], "val_losses": [3.4438744806180335, 3.1466965159033515, 2.9946005739224186, 2.91498177522307, 2.853783220242543, 2.8118965921887926, 2.7880049579462427, 2.78088889607958, 2.784058379519517, 2.7813654993749726, 2.7771341952548663, 2.7838726780217167, 2.8027421311967693, 2.8045073755227836, 2.8339412311080157, 2.847395710125091, 2.868799722878037, 2.878651962158786, 2.9138101460827386, 2.9351689071412297], "best_val_loss": 2.7771341952548663, "save_path": "models/C23_best.pt", "bleu1": 0.5535714285714286, "bleu2": 0.36858650897411693, "bleu3": 0.23787106662708946, "bleu4": 0.15433293127302944}}