{"G": {"train_losses": [4.380503638466792, 3.693363765409506, 3.4528046142317845, 3.2938555062198436, 3.179893331995397, 3.0861864631364084, 3.013376148524823, 2.9492625018426857, 2.894129388876307, 2.8435359611185884, 2.8002805903013837, 2.7610427766466445, 2.724465909543068, 2.690088223546807, 2.6594994896764694, 2.628955271706652, 2.598714101797482, 2.5747980087804896, 2.54748516067513, 2.5249685376946096], "val_losses": [3.7668598746038544, 3.4661356689064364, 3.2959941238354724, 3.187161964975345, 3.100327519094868, 3.039265713114647, 2.990847494951479, 2.9571835113938447, 2.9261072350155777, 2.912092957527015, 2.8931780195539925, 2.8707880928258227, 2.8611146158473506, 2.8485366113626274, 2.8384898589674834, 2.8374560000790154, 2.829315915988509, 2.831319743660605, 2.823953408344536, 2.816815121158673], "best_val_loss": 2.816815121158673, "save_path": "models/G_best.pt", "bleu1": 0.551923076923077, "bleu2": 0.3704827700992944, "bleu3": 0.23708078470531502, "bleu4": 0.15256500919603774}, "H": {"train_losses": [3.949118668082426, 3.2218008191346614, 2.9461769645910527, 2.762077836593839, 2.6169716185852407, 2.497859660242158, 2.3911710362444554, 2.2941824164726077, 2.2068785211679014, 2.1239023519985714, 2.0481705655421276, 1.9714837178492597, 1.9020054297152358, 1.8352197545932045, 1.773713231595086, 1.7153646318134723, 1.6599460723303527, 1.608412890673192, 1.5573908435002064, 1.5122592385643836], "val_losses": [3.3712517425512813, 3.076036248237464, 2.9217585712481458, 2.854794857608285, 2.8105210331594868, 2.7782528764882666, 2.7764897953932453, 2.7602259474954787, 2.7636964602075564, 2.7693417011552555, 2.7918596943472602, 2.8118137090828768, 2.820214197134516, 2.849010982331197, 2.8819540131623578, 2.9146135195045715, 2.945961967395369, 2.973736337795379, 3.013815014225662, 3.037814750792874], "best_val_loss": 2.7602259474954787, "save_path": "models/H_best.pt", "bleu1": 0.5458500087001914, "bleu2": 0.3633389357157844, "bleu3": 0.23688861099853506, "bleu4": 0.15384665106048748}, "C12": {"train_losses": [3.719551941479193, 3.0852641284084523, 2.845099361212269, 2.6844187003971416, 2.5525315377249647, 2.435220914863066, 2.3292688319423815, 2.2269613012067797, 2.130083794786986, 2.0379681719391587, 1.9522501882205385, 1.8636213863836422, 1.7852854310576596, 1.707040159941228, 1.6343586992607442, 1.5671446913086784, 1.5017136092633327, 1.4409954979983983, 1.384648055537169, 1.3313917004223317], "val_losses": [3.2205737639384666, 2.984203731937773, 2.879981564868028, 2.8221829879056117, 2.7813502717169984, 2.7628724332068377, 2.75667803302692, 2.761976066668322, 2.760466845931521, 2.769717300773426, 2.7972360667149734, 2.817310731881743, 2.838369350524465, 2.8695352016740543, 2.920369913623591, 2.9318857648570065, 2.958575514471455, 3.0101456718080364, 3.03888604747262, 3.072141363362598], "best_val_loss": 2.75667803302692, "save_path": "models/C12_best.pt", "bleu1": 0.5582645777324557, "bleu2": 0.36698070918524206, "bleu3": 0.23603570904404775, "bleu4": 0.1529420799215826}, "C13": {"train_losses": [4.183091230738137, 3.4825515838574246, 3.24839279468634, 3.0925835564192425, 2.9796170720667727, 2.887061775111949, 2.810090916751544, 2.744226651913576, 2.685812491343728, 2.6342747435132576, 2.5855394995797165, 2.5419010971146605, 2.4971902825430767, 2.4601123427023004, 2.4225664621731364, 2.3890240766854682, 2.353269106797826, 2.32174598941925, 2.2904036826670553, 2.2643495282130455], "val_losses": [3.5680390998816036, 3.2848303743228793, 3.125516405530796, 3.021191580280377, 2.9517804391824516, 2.905405517596348, 2.872348001048823, 2.841959061895966, 2.8192145384041365, 2.806406873806267, 2.8008195184598303, 2.7972787284547356, 2.7845178455304187, 2.784092959325025, 2.7896175938806715, 2.776617646976641, 2.78466841445607, 2.7805993663277597, 2.7933140165486914, 2.788082197972923], "best_val_loss": 2.776617646976641, "save_path": "models/C13_best.pt", "bleu1": 0.5628021613423073, "bleu2": 0.3750024898807619, "bleu3": 0.24157089174271068, "bleu4": 0.15767690763603096}}