{"G": {"train_losses": [4.39087179906841, 3.693723762213294, 3.4474625193488113, 3.2859716593329584, 3.1709182938533043, 3.079855486782375, 3.0013258708819652, 2.938816576624222, 2.8835199359637587, 2.834926950651954, 2.7895298075320114, 2.7503692130290114, 2.713787615172136, 2.6776840600377714, 2.6495689351929785, 2.617334061848329, 2.589765327317374, 2.5628790080166066, 2.5400174230909043, 2.5151743383041576], "val_losses": [3.76494457159832, 3.4666577190350574, 3.2915487836120993, 3.1823041636473053, 3.100234415880434, 3.0361792540094656, 2.9936143850824637, 2.955214243785591, 2.9301297467225678, 2.902588185231397, 2.8898872516717122, 2.878003388453441, 2.866524741148493, 2.85077471034542, 2.843137217175429, 2.8331708573991325, 2.8342983016542567, 2.831012532969189, 2.83004496052007, 2.8223508710314515], "best_val_loss": 2.8223508710314515, "save_path": "models/G_best.pt", "bleu1": 0.5433035311117131, "bleu2": 0.36955041773132175, "bleu3": 0.2417801775404458, "bleu4": 0.15942261346716047}, "H": {"train_losses": [3.949118668082426, 3.2218008191346614, 2.9461769645910527, 2.762077836593839, 2.6169716185852407, 2.497859660242158, 2.3911710362444554, 2.2941824164726077, 2.2068785211679014, 2.1239023519985714, 2.0481705655421276, 1.9714837178492597, 1.9020054297152358, 1.8352197545932045, 1.773713231595086, 1.7153646318134723, 1.6599460723303527, 1.608412890673192, 1.5573908435002064, 1.5122592385643836], "val_losses": [3.3712517425512813, 3.076036248237464, 2.9217585712481458, 2.854794857608285, 2.8105210331594868, 2.7782528764882666, 2.7764897953932453, 2.7602259474954787, 2.7636964602075564, 2.7693417011552555, 2.7918596943472602, 2.8118137090828768, 2.820214197134516, 2.849010982331197, 2.8819540131623578, 2.9146135195045715, 2.945961967395369, 2.973736337795379, 3.013815014225662, 3.037814750792874], "best_val_loss": 2.7602259474954787, "save_path": "models/H_best.pt", "bleu1": 0.5458500087001914, "bleu2": 0.3633389357157844, "bleu3": 0.23688861099853506, "bleu4": 0.15384665106048748}, "C12": {"train_losses": [3.719551941479193, 3.0852641284084523, 2.845099361212269, 2.6844187003971416, 2.5525315377249647, 2.435220914863066, 2.3292688319423815, 2.2269613012067797, 2.130083794786986, 2.0379681719391587, 1.9522501882205385, 1.8636213863836422, 1.7852854310576596, 1.707040159941228, 1.6343586992607442, 1.5671446913086784, 1.5017136092633327, 1.4409954979983983, 1.384648055537169, 1.3313917004223317], "val_losses": [3.2205737639384666, 2.984203731937773, 2.879981564868028, 2.8221829879056117, 2.7813502717169984, 2.7628724332068377, 2.75667803302692, 2.761976066668322, 2.760466845931521, 2.769717300773426, 2.7972360667149734, 2.817310731881743, 2.838369350524465, 2.8695352016740543, 2.920369913623591, 2.9318857648570065, 2.958575514471455, 3.0101456718080364, 3.03888604747262, 3.072141363362598], "best_val_loss": 2.75667803302692, "save_path": "models/C12_best.pt", "bleu1": 0.5582645777324557, "bleu2": 0.36698070918524206, "bleu3": 0.23603570904404775, "bleu4": 0.1529420799215826}, "C13": {"train_losses": [4.183091230738137, 3.4825515838574246, 3.24839279468634, 3.0925835564192425, 2.9796170720667727, 2.887061775111949, 2.810090916751544, 2.744226651913576, 2.685812491343728, 2.6342747435132576, 2.5855394995797165, 2.5419010971146605, 2.4971902825430767, 2.4601123427023004, 2.4225664621731364, 2.3890240766854682, 2.353269106797826, 2.32174598941925, 2.2904036826670553, 2.2643495282130455], "val_losses": [3.5680390998816036, 3.2848303743228793, 3.125516405530796, 3.021191580280377, 2.9517804391824516, 2.905405517596348, 2.872348001048823, 2.841959061895966, 2.8192145384041365, 2.806406873806267, 2.8008195184598303, 2.7972787284547356, 2.7845178455304187, 2.784092959325025, 2.7896175938806715, 2.776617646976641, 2.78466841445607, 2.7805993663277597, 2.7933140165486914, 2.788082197972923], "best_val_loss": 2.776617646976641, "save_path": "models/C13_best.pt", "bleu1": 0.5628021613423073, "bleu2": 0.3750024898807619, "bleu3": 0.24157089174271068, "bleu4": 0.15767690763603096}, "C23": {"train_losses": [4.030106478662633, 3.3351128246230104, 3.073216262402565, 2.9020866524181894, 2.77259711212695, 2.6641400493284277, 2.5702820800260695, 2.4847626683554416, 2.4052852697209763, 2.3324355408072726, 2.2641957596675164, 2.1987465004931126, 2.1318186030967405, 2.074815867552117, 2.016088830636763, 1.9598583969226016, 1.9065070275558846, 1.8582897243469254, 1.8082247046011088, 1.764555654546091], "val_losses": [3.444279385220473, 3.158244444306489, 3.0014778064314727, 2.9148011313881845, 2.8549563110254375, 2.815868616863421, 2.7910520992461283, 2.776154102793165, 2.775044915782418, 2.7670264927444945, 2.7698132604550403, 2.7706864624266414, 2.7787888672701113, 2.799139315914956, 2.810419690836767, 2.819715464950367, 2.850663162340784, 2.863357646450116, 2.896050721976408, 2.9106149886064467], "best_val_loss": 2.7670264927444945, "save_path": "models/C23_best.pt", "bleu1": 0.5532287822878229, "bleu2": 0.36817427415282766, "bleu3": 0.237984038216027, "bleu4": 0.1558315485793513}}