{"A": {"train_losses": [4.051231640488354, 3.379222120303335, 3.1338687298902825, 2.976115798645182, 2.8579571211515966, 2.764849804357679, 2.6850171071379934, 2.6143272853355164, 2.5510077654425776, 2.4932742301843316, 2.438266986722885, 2.388915629020886, 2.3431116791168, 2.2963389130289364, 2.2540351071083213, 2.2148095204123557, 2.1739778912652024, 2.1375622680700666, 2.101205735445531, 2.067080143036873], "val_losses": [3.4842006947584214, 3.202018875984629, 3.0524794584626607, 2.9611518200795364, 2.8957171986816794, 2.853215278333919, 2.810448814349569, 2.8011118226749883, 2.777638821844842, 2.762902906745862, 2.7640140846276737, 2.7505836775348445, 2.7448357685356384, 2.7498894603389084, 2.7614669769432894, 2.757558872745295, 2.7580532040565635, 2.762886482439223, 2.766822858221212, 2.7805282188828584], "best_val_loss": 2.7448357685356384, "save_path": "A_best.pt", "bleu1": 0.5926275992438563, "bleu2": 0.4066925510249568, "bleu3": 0.2723339192070183, "bleu4": 0.18266700515689685}, "B2": {"train_losses": [4.03228938299964, 3.4019093632952235, 3.179827814417353, 3.0349708066057803, 2.930124172778018, 2.843766150444047, 2.7727861063820973, 2.7078261047538157, 2.652352576316801, 2.5998214058784535, 2.55105864315399, 2.5057903642593415, 2.4608387502271736, 2.4207640464371964, 2.382384469260031, 2.3429388801680444, 2.304974389355828, 2.26889454886349, 2.2373909127991847, 2.2016960476507257], "val_losses": [3.4954083178453383, 3.2416178390478634, 3.107488612460483, 3.025112753461121, 2.9683762310416837, 2.9320443724371064, 2.9008347790712006, 2.878424344548754, 2.8633177234868334, 2.8602196691901822, 2.8465934255320553, 2.8425519132310417, 2.8433874086209925, 2.8408446964944245, 2.8480776685058693, 2.85827730567592, 2.8510121600643084, 2.8622865767995265, 2.881288104755863, 2.886737485600125], "best_val_loss": 2.8408446964944245, "save_path": "B2_best.pt", "bleu1": 0.5276749352091817, "bleu2": 0.3343488468809107, "bleu3": 0.20167437258741114, "bleu4": 0.1258949170285779}, "B4": {"train_losses": [3.96145030328714, 3.235915224435233, 2.982550818020347, 2.822809562754275, 2.703844487285817, 2.6085250214981373, 2.5245698222727664, 2.4529553928863264, 2.385267154748506, 2.325516118296682, 2.267008250837387, 2.211098796650291, 2.162614801036778, 2.1128038132368627, 2.0696773243102946, 2.0246425912832655, 1.9836229931062728, 1.943535964753328, 1.9079231566457606, 1.870960668587227], "val_losses": [3.363780657956555, 3.0682176996947854, 2.9296133335988235, 2.8437351261734203, 2.797343649681966, 2.7569954410480086, 2.7335751322424335, 2.710000831610078, 2.70488269921321, 2.7023476741875814, 2.695894516957034, 2.6947822183560413, 2.702407455748054, 2.704892739368852, 2.709942134322634, 2.7262443319247787, 2.733987237237821, 2.7375964404671054, 2.7706299086285244, 2.7636016835072996], "best_val_loss": 2.6947822183560413, "save_path": "B4_best.pt", "bleu1": 0.5829136690647482, "bleu2": 0.40145393442674837, "bleu3": 0.26574618494648417, "bleu4": 0.175771631761735}, "C1": {"train_losses": [3.9177574148056094, 3.281184677884523, 3.0499522271695167, 2.894366875640365, 2.7804099458621256, 2.6862129870254092, 2.6084294616540613, 2.536795310374262, 2.4704392637525285, 2.4097254517744346, 2.3535774980526742, 2.297427795080742, 2.2465718577919738, 2.2002986358172856, 2.1512580666460717, 2.108086117676326, 2.0683424653274924, 2.0245596530086702, 1.9879410029220175, 1.947546908723266], "val_losses": [3.381396254156805, 3.12942713385175, 2.9902623610891355, 2.9040787341488397, 2.848071601740114, 2.811670796886371, 2.7833383227609527, 2.770306176440731, 2.7529448058195176, 2.7508896961333646, 2.737725974647862, 2.7412356396389614, 2.736649174599131, 2.744531907093753, 2.7418373025906315, 2.758689368606373, 2.768195256306108, 2.7688042130439903, 2.7832661244519956, 2.7934693325856688], "best_val_loss": 2.736649174599131, "save_path": "C1_best.pt", "bleu1": 0.5618165784832452, "bleu2": 0.38043732248144363, "bleu3": 0.2517606579462171, "bleu4": 0.16547479606330262}}