{"A": {"train_losses": [4.051231640488354, 3.379222120303335, 3.1338687298902825, 2.976115798645182, 2.8579571211515966, 2.764849804357679, 2.6850171071379934, 2.6143272853355164, 2.5510077654425776, 2.4932742301843316, 2.438266986722885, 2.388915629020886, 2.3431116791168, 2.2963389130289364, 2.2540351071083213, 2.2148095204123557, 2.1739778912652024, 2.1375622680700666, 2.101205735445531, 2.067080143036873], "val_losses": [3.4842006947584214, 3.202018875984629, 3.0524794584626607, 2.9611518200795364, 2.8957171986816794, 2.853215278333919, 2.810448814349569, 2.8011118226749883, 2.777638821844842, 2.762902906745862, 2.7640140846276737, 2.7505836775348445, 2.7448357685356384, 2.7498894603389084, 2.7614669769432894, 2.757558872745295, 2.7580532040565635, 2.762886482439223, 2.766822858221212, 2.7805282188828584], "best_val_loss": 2.7448357685356384, "save_path": "A_best.pt", "bleu1": 0.5926275992438563, "bleu2": 0.4066925510249568, "bleu3": 0.2723339192070183, "bleu4": 0.18266700515689685}, "B2": {"train_losses": [4.03228938299964, 3.4019093632952235, 3.179827814417353, 3.0349708066057803, 2.930124172778018, 2.843766150444047, 2.7727861063820973, 2.7078261047538157, 2.652352576316801, 2.5998214058784535, 2.55105864315399, 2.5057903642593415, 2.4608387502271736, 2.4207640464371964, 2.382384469260031, 2.3429388801680444, 2.304974389355828, 2.26889454886349, 2.2373909127991847, 2.2016960476507257], "val_losses": [3.4954083178453383, 3.2416178390478634, 3.107488612460483, 3.025112753461121, 2.9683762310416837, 2.9320443724371064, 2.9008347790712006, 2.878424344548754, 2.8633177234868334, 2.8602196691901822, 2.8465934255320553, 2.8425519132310417, 2.8433874086209925, 2.8408446964944245, 2.8480776685058693, 2.85827730567592, 2.8510121600643084, 2.8622865767995265, 2.881288104755863, 2.886737485600125], "best_val_loss": 2.8408446964944245, "save_path": "B2_best.pt", "bleu1": 0.5276749352091817, "bleu2": 0.3343488468809107, "bleu3": 0.20167437258741114, "bleu4": 0.1258949170285779}, "B4": {"train_losses": [3.96145030328714, 3.235915224435233, 2.982550818020347, 2.822809562754275, 2.703844487285817, 2.6085250214981373, 2.5245698222727664, 2.4529553928863264, 2.385267154748506, 2.325516118296682, 2.267008250837387, 2.211098796650291, 2.162614801036778, 2.1128038132368627, 2.0696773243102946, 2.0246425912832655, 1.9836229931062728, 1.943535964753328, 1.9079231566457606, 1.870960668587227], "val_losses": [3.363780657956555, 3.0682176996947854, 2.9296133335988235, 2.8437351261734203, 2.797343649681966, 2.7569954410480086, 2.7335751322424335, 2.710000831610078, 2.70488269921321, 2.7023476741875814, 2.695894516957034, 2.6947822183560413, 2.702407455748054, 2.704892739368852, 2.709942134322634, 2.7262443319247787, 2.733987237237821, 2.7375964404671054, 2.7706299086285244, 2.7636016835072996], "best_val_loss": 2.6947822183560413, "save_path": "B4_best.pt", "bleu1": 0.5829136690647482, "bleu2": 0.40145393442674837, "bleu3": 0.26574618494648417, "bleu4": 0.175771631761735}, "C1": {"train_losses": [3.9177574148056094, 3.281184677884523, 3.0499522271695167, 2.894366875640365, 2.7804099458621256, 2.6862129870254092, 2.6084294616540613, 2.536795310374262, 2.4704392637525285, 2.4097254517744346, 2.3535774980526742, 2.297427795080742, 2.2465718577919738, 2.2002986358172856, 2.1512580666460717, 2.108086117676326, 2.0683424653274924, 2.0245596530086702, 1.9879410029220175, 1.947546908723266], "val_losses": [3.381396254156805, 3.12942713385175, 2.9902623610891355, 2.9040787341488397, 2.848071601740114, 2.811670796886371, 2.7833383227609527, 2.770306176440731, 2.7529448058195176, 2.7508896961333646, 2.737725974647862, 2.7412356396389614, 2.736649174599131, 2.744531907093753, 2.7418373025906315, 2.758689368606373, 2.768195256306108, 2.7688042130439903, 2.7832661244519956, 2.7934693325856688], "best_val_loss": 2.736649174599131, "save_path": "C1_best.pt", "bleu1": 0.5618165784832452, "bleu2": 0.38043732248144363, "bleu3": 0.2517606579462171, "bleu4": 0.16547479606330262}, "F": {"train_losses": [3.9347679960702275, 3.153611177066242, 2.8736225084455285, 2.6942345102204444, 2.5590049747719186, 2.449370584635338, 2.3546479026645994, 2.268642377497545, 2.1930641639969752, 2.1232335755565783, 2.058207531981885, 1.9930046355800588, 1.9359908961792236, 1.8789368941585647, 1.8269897077891872, 1.7752670751197506, 1.7260183517866805, 1.6774538709664903, 1.6327840229595647, 1.5903503003913457], "val_losses": [3.312338661995663, 3.031206744491674, 2.9034376341825836, 2.8277413852655204, 2.7777949245112716, 2.755768838202118, 2.7443375040771096, 2.7236195931768723, 2.7241272235372263, 2.7315768785537426, 2.7395096478188874, 2.7569295054028746, 2.7431837396257244, 2.7546581887895134, 2.7695669391352657, 2.787127803845011, 2.813299916352436, 2.821875342138254, 2.8463923551474406, 2.864900784887326], "best_val_loss": 2.7236195931768723, "save_path": "F_best.pt", "bleu1": 0.5879797890257956, "bleu2": 0.40725133666846075, "bleu3": 0.2754111963659845, "bleu4": 0.1836579080274124}, "E": {"train_losses": [4.017671878149769, 3.3545667794721723, 3.1104655863125443, 2.950857556959205, 2.8288946667713906, 2.731387640875794, 2.644917478439396, 2.568306476830928, 2.496193638996783, 2.4279345347683057, 2.3675444542980397, 2.309469570483226, 2.2514639026574743, 2.1964158675055514, 2.145249743832708, 2.096238916235438, 2.0476805399984186, 2.0008869762105475, 1.9575134438238164, 1.9120410880300283], "val_losses": [3.458100944567638, 3.178112745285034, 3.0290521512365647, 2.9471825125870432, 2.8899899751517424, 2.851202148540764, 2.827472519722714, 2.809447624121502, 2.7978337980379724, 2.7978269955155195, 2.7977814370659506, 2.790997306252741, 2.7995869551494623, 2.8119985343544345, 2.819186427790648, 2.8391723594847758, 2.852690731643871, 2.8477964712556, 2.86961752442038, 2.878762148747778], "best_val_loss": 2.790997306252741, "save_path": "E_best.pt", "bleu1": 0.5522968197879858, "bleu2": 0.3665078520140727, "bleu3": 0.23948658160943714, "bleu4": 0.15857318551844637}, "C2": {"train_losses": [3.8363080225519535, 3.169870489441764, 2.9191828033308993, 2.7544953411321904, 2.6232248913250498, 2.509406954367786, 2.4045391527574456, 2.3079103966003287, 2.215620180182874, 2.125585233606001, 2.0410118800744828, 1.9599765860703962, 1.8813262017551007, 1.805125931814027, 1.7311302164216031, 1.6600957702217833, 1.5953969677119875, 1.5346339871125942, 1.472879832868637, 1.4164852498690965], "val_losses": [3.304855395274557, 3.041146238898016, 2.922309520138297, 2.853505750370633, 2.8070535492745177, 2.781918782337456, 2.7640931143122875, 2.7575072551229196, 2.7708037264028174, 2.767385299038735, 2.7762364665414117, 2.8021533094393978, 2.815119671973453, 2.833590916007947, 2.8486830945227557, 2.888269110090414, 2.926373645758173, 2.9652036830877804, 2.9997905097949276, 3.0205314037906135], "best_val_loss": 2.7575072551229196, "save_path": "models/C2_best.pt", "bleu1": 0.5526150533775904, "bleu2": 0.3675834143636062, "bleu3": 0.23724688672808272, "bleu4": 0.15486897201591554}, "C3": {"train_losses": [4.247157889896873, 3.5389627863857536, 3.3035502217725905, 3.1449641741669256, 3.0261434827532088, 2.9323183765797727, 2.854721576420229, 2.78535869660408, 2.728412971313574, 2.6742075679144626, 2.6230332114294903, 2.5803521622472734, 2.539875638256195, 2.5023625725622116, 2.465933417714735, 2.4315319371375956, 2.399307442626465, 2.3672572990724525, 2.3391149280422026, 2.308084572937443], "val_losses": [3.618135178924366, 3.334190180347224, 3.1773386882368926, 3.0677099880898835, 2.9879897111540386, 2.9352128467742045, 2.9028323106705005, 2.8651862812649673, 2.8403471898121437, 2.822164942504494, 2.806529498403999, 2.801830252264715, 2.794703611143076, 2.787086154245267, 2.7753316543664144, 2.7798108644546216, 2.788055035718687, 2.7781157136722734, 2.7707192085351156, 2.7751937216254556], "best_val_loss": 2.7707192085351156, "save_path": "models/C3_best.pt", "bleu1": 0.562878093492209, "bleu2": 0.3781796965561796,